Step,AgentID,Type,Skill
0,2,0.6033183419051001,1.8263954910969475
0,8,0.4834418614508717,2.4298311339243597
0,6,0.37552735179587593,3.5459079370283417
0,0,0.44352702482293976,3.5944358245472494
0,4,0.6138034872370405,3.235611986917603
0,5,0.3181204236163908,0.8835977317145454
0,1,0.33564127005391153,1.9788512912606413
0,7,0.4933297419931419,1.945531034758924
0,9,0.4298304069277304,2.498467649676253
0,3,0.7525848565112518,1.557613994109961
1,2,0.6033183419051001,1.8263954910969475
1,8,0.4834418614508717,2.4498311339243597
1,6,0.37552735179587593,3.5659079370283417
1,0,0.44352702482293976,3.6144358245472494
1,4,0.6138034872370405,3.235611986917603
1,5,0.3181204236163908,0.8835977317145454
1,1,0.33564127005391153,1.9988512912606413
1,7,0.4933297419931419,1.965531034758924
1,9,0.4298304069277304,2.498467649676253
1,3,0.7525848565112518,1.577613994109961
2,2,0.6033183419051001,1.8463954910969476
2,8,0.4834418614508717,2.4698311339243597
2,6,0.37552735179587593,3.5859079370283418
2,0,0.44352702482293976,3.6144358245472494
2,4,0.6138034872370405,3.235611986917603
2,5,0.3181204236163908,0.8835977317145454
2,1,0.33564127005391153,1.9988512912606413
2,7,0.4933297419931419,1.9855310347589241
2,9,0.4298304069277304,2.498467649676253
2,3,0.7525848565112518,1.597613994109961
3,2,0.5233183419051002,1.8463954910969476
3,8,0.5334418614508717,2.4698311339243597
3,6,0.37552735179587593,3.605907937028342
3,0,0.44352702482293976,3.6344358245472494
3,4,0.6138034872370405,3.235611986917603
3,5,0.3181204236163908,0.9035977317145454
3,1,0.33564127005391153,1.9988512912606413
3,7,0.4133297419931419,2.005531034758924
3,9,0.4798304069277304,2.498467649676253
3,3,0.7525848565112518,1.617613994109961
4,2,0.5233183419051002,1.8663954910969476
4,8,0.5334418614508717,2.4698311339243597
4,6,0.37552735179587593,3.605907937028342
4,0,0.44352702482293976,3.6544358245472495
4,4,0.6138034872370405,3.2556119869176032
4,5,0.3181204236163908,0.9235977317145454
4,1,0.33564127005391153,2.018851291260641
4,7,0.4133297419931419,2.005531034758924
4,9,0.4798304069277304,2.518467649676253
4,3,0.7525848565112518,1.637613994109961
5,2,0.5233183419051002,1.8863954910969476
5,8,0.5334418614508717,2.4698311339243597
5,6,0.37552735179587593,3.605907937028342
5,0,0.44352702482293976,3.6744358245472495
5,4,0.6138034872370405,3.2556119869176032
5,5,0.3181204236163908,0.9235977317145454
5,1,0.33564127005391153,2.038851291260641
5,7,0.4133297419931419,2.005531034758924
5,9,0.4798304069277304,2.518467649676253
5,3,0.7525848565112518,1.657613994109961
6,2,0.5233183419051002,1.9063954910969476
6,8,0.5334418614508717,2.4898311339243597
6,6,0.37552735179587593,3.605907937028342
6,0,0.44352702482293976,3.6744358245472495
6,4,0.6138034872370405,3.2756119869176032
6,5,0.3181204236163908,0.9235977317145454
6,1,0.33564127005391153,2.038851291260641
6,7,0.4133297419931419,2.005531034758924
6,9,0.4798304069277304,2.538467649676253
6,3,0.7525848565112518,1.677613994109961
7,2,0.5233183419051002,1.9063954910969476
7,8,0.4534418614508717,2.4898311339243597
7,6,0.4255273517958759,3.625907937028342
7,0,0.44352702482293976,3.6944358245472495
7,4,0.6138034872370405,3.2756119869176032
7,5,0.3181204236163908,0.9435977317145454
7,1,0.33564127005391153,2.038851291260641
7,7,0.4133297419931419,2.025531034758924
7,9,0.4798304069277304,2.558467649676253
7,3,0.7525848565112518,1.677613994109961
8,2,0.5233183419051002,1.9063954910969476
8,8,0.4534418614508717,2.4898311339243597
8,6,0.4255273517958759,3.645907937028342
8,0,0.44352702482293976,3.7144358245472495
8,4,0.6138034872370405,3.2956119869176033
8,5,0.3181204236163908,0.9635977317145454
8,1,0.33564127005391153,2.058851291260641
8,7,0.4133297419931419,2.045531034758924
8,9,0.4798304069277304,2.558467649676253
8,3,0.7525848565112518,1.697613994109961
9,2,0.5233183419051002,1.9063954910969476
9,8,0.4534418614508717,2.5098311339243597
9,6,0.3455273517958759,3.645907937028342
9,0,0.49352702482293975,3.7144358245472495
9,4,0.6138034872370405,3.3156119869176033
9,5,0.3181204236163908,0.9635977317145454
9,1,0.33564127005391153,2.058851291260641
9,7,0.4133297419931419,2.065531034758924
9,9,0.4798304069277304,2.578467649676253
9,3,0.7525848565112518,1.717613994109961
10,2,0.5233183419051002,1.9063954910969476
10,8,0.4534418614508717,2.5298311339243598
10,6,0.3455273517958759,3.645907937028342
10,0,0.49352702482293975,3.7344358245472495
10,4,0.6138034872370405,3.3156119869176033
10,5,0.3181204236163908,0.9835977317145455
10,1,0.33564127005391153,2.078851291260641
10,7,0.4133297419931419,2.065531034758924
10,9,0.39983040692773036,2.598467649676253
10,3,0.8025848565112519,1.717613994109961
11,2,0.5233183419051002,1.9063954910969476
11,8,0.4534418614508717,2.5298311339243598
11,6,0.3455273517958759,3.665907937028342
11,0,0.49352702482293975,3.7344358245472495
11,4,0.6138034872370405,3.3356119869176033
11,5,0.3181204236163908,1.0035977317145455
11,1,0.33564127005391153,2.078851291260641
11,7,0.4133297419931419,2.085531034758924
11,9,0.39983040692773036,2.618467649676253
11,3,0.8025848565112519,1.717613994109961
12,2,0.5233183419051002,1.9063954910969476
12,8,0.4534418614508717,2.5298311339243598
12,6,0.3455273517958759,3.685907937028342
12,0,0.49352702482293975,3.7344358245472495
12,4,0.6138034872370405,3.3556119869176033
12,5,0.3181204236163908,1.0035977317145455
12,1,0.33564127005391153,2.078851291260641
12,7,0.4133297419931419,2.1055310347589242
12,9,0.39983040692773036,2.618467649676253
12,3,0.8025848565112519,1.737613994109961
13,2,0.5233183419051002,1.9063954910969476
13,8,0.4534418614508717,2.54983113392436
13,6,0.3455273517958759,3.705907937028342
13,0,0.49352702482293975,3.7344358245472495
13,4,0.6138034872370405,3.3756119869176033
13,5,0.3181204236163908,1.0035977317145455
13,1,0.33564127005391153,2.078851291260641
13,7,0.4133297419931419,2.1255310347589242
13,9,0.39983040692773036,2.618467649676253
13,3,0.8025848565112519,1.737613994109961
14,2,0.5233183419051002,1.9063954910969476
14,8,0.4534418614508717,2.54983113392436
14,6,0.3455273517958759,3.725907937028342
14,0,0.49352702482293975,3.7344358245472495
14,4,0.6138034872370405,3.3956119869176034
14,5,0.3181204236163908,1.0235977317145455
14,1,0.33564127005391153,2.078851291260641
14,7,0.4133297419931419,2.1455310347589243
14,9,0.39983040692773036,2.638467649676253
14,3,0.8025848565112519,1.757613994109961
15,2,0.5233183419051002,1.9063954910969476
15,8,0.4534418614508717,2.56983113392436
15,6,0.3455273517958759,3.745907937028342
15,0,0.49352702482293975,3.7544358245472496
15,4,0.6138034872370405,3.3956119869176034
15,5,0.3181204236163908,1.0235977317145455
15,1,0.33564127005391153,2.078851291260641
15,7,0.4133297419931419,2.1455310347589243
15,9,0.39983040692773036,2.658467649676253
15,3,0.8025848565112519,1.7776139941099611
16,2,0.5233183419051002,1.9063954910969476
16,8,0.4534418614508717,2.58983113392436
16,6,0.3455273517958759,3.745907937028342
16,0,0.49352702482293975,3.7544358245472496
16,4,0.6138034872370405,3.3956119869176034
16,5,0.3181204236163908,1.0435977317145455
16,1,0.33564127005391153,2.098851291260641
16,7,0.4133297419931419,2.1655310347589243
16,9,0.39983040692773036,2.658467649676253
16,3,0.8025848565112519,1.7976139941099611
17,2,0.5233183419051002,1.9263954910969476
17,8,0.4534418614508717,2.60983113392436
17,6,0.3455273517958759,3.745907937028342
17,0,0.49352702482293975,3.7544358245472496
17,4,0.6138034872370405,3.3956119869176034
17,5,0.3181204236163908,1.0435977317145455
17,1,0.33564127005391153,2.098851291260641
17,7,0.4133297419931419,2.1655310347589243
17,9,0.39983040692773036,2.678467649676253
17,3,0.8025848565112519,1.7976139941099611
18,2,0.5233183419051002,1.9263954910969476
18,8,0.4534418614508717,2.62983113392436
18,6,0.3455273517958759,3.765907937028342
18,0,0.49352702482293975,3.7744358245472496
18,4,0.6138034872370405,3.4156119869176034
18,5,0.3181204236163908,1.0435977317145455
18,1,0.33564127005391153,2.118851291260641
18,7,0.4133297419931419,2.1855310347589243
18,9,0.39983040692773036,2.698467649676253
18,3,0.8025848565112519,1.7976139941099611
19,2,0.5233183419051002,1.9263954910969476
19,8,0.4534418614508717,2.62983113392436
19,6,0.3455273517958759,3.765907937028342
19,0,0.49352702482293975,3.7744358245472496
19,4,0.6138034872370405,3.4156119869176034
19,5,0.3181204236163908,1.0635977317145455
19,1,0.33564127005391153,2.138851291260641
19,7,0.4133297419931419,2.2055310347589243
19,9,0.39983040692773036,2.718467649676253
19,3,0.8025848565112519,1.7976139941099611
20,2,0.5233183419051002,1.9263954910969476
20,8,0.4534418614508717,2.64983113392436
20,6,0.3455273517958759,3.765907937028342
20,0,0.49352702482293975,3.7744358245472496
20,4,0.6138034872370405,3.4156119869176034
20,5,0.3181204236163908,1.0835977317145455
20,1,0.33564127005391153,2.1588512912606412
20,7,0.4133297419931419,2.2255310347589243
20,9,0.39983040692773036,2.718467649676253
20,3,0.8025848565112519,1.8176139941099612
21,2,0.5233183419051002,1.9463954910969476
21,8,0.37344186145087166,2.64983113392436
21,6,0.3955273517958759,3.785907937028342
21,0,0.49352702482293975,3.7744358245472496
21,4,0.6138034872370405,3.4156119869176034
21,5,0.3181204236163908,1.1035977317145456
21,1,0.33564127005391153,2.1588512912606412
21,7,0.4133297419931419,2.2455310347589243
21,9,0.39983040692773036,2.718467649676253
21,3,0.8025848565112519,1.8376139941099612
22,2,0.5233183419051002,1.9663954910969477
22,8,0.37344186145087166,2.64983113392436
22,6,0.3955273517958759,3.785907937028342
22,0,0.49352702482293975,3.7944358245472496
22,4,0.6138034872370405,3.4156119869176034
22,5,0.3181204236163908,1.1235977317145456
22,1,0.33564127005391153,2.1588512912606412
22,7,0.4133297419931419,2.2655310347589244
22,9,0.39983040692773036,2.7384676496762532
22,3,0.8025848565112519,1.8376139941099612
23,2,0.5233183419051002,1.9863954910969477
23,8,0.37344186145087166,2.64983113392436
23,6,0.3955273517958759,3.785907937028342
23,0,0.49352702482293975,3.8144358245472496
23,4,0.6138034872370405,3.4156119869176034
23,5,0.3181204236163908,1.1235977317145456
23,1,0.33564127005391153,2.1588512912606412
23,7,0.4133297419931419,2.2855310347589244
23,9,0.39983040692773036,2.7584676496762532
23,3,0.8025848565112519,1.8576139941099612
24,2,0.5733183419051002,1.9863954910969477
24,8,0.29344186145087164,2.66983113392436
24,6,0.3955273517958759,3.785907937028342
24,0,0.49352702482293975,3.8344358245472496
24,4,0.6138034872370405,3.4356119869176034
24,5,0.3181204236163908,1.1435977317145456
24,1,0.33564127005391153,2.1588512912606412
24,7,0.4133297419931419,2.3055310347589244
24,9,0.39983040692773036,2.7584676496762532
24,3,0.8025848565112519,1.8576139941099612
25,2,0.5733183419051002,2.0063954910969475
25,8,0.29344186145087164,2.66983113392436
25,6,0.3955273517958759,3.785907937028342
25,0,0.49352702482293975,3.8344358245472496
25,4,0.6138034872370405,3.4356119869176034
25,5,0.3181204236163908,1.1435977317145456
25,1,0.33564127005391153,2.1588512912606412
25,7,0.4133297419931419,2.3055310347589244
25,9,0.39983040692773036,2.7584676496762532
25,3,0.8025848565112519,1.8776139941099612
26,2,0.5733183419051002,2.0063954910969475
26,8,0.29344186145087164,2.66983113392436
26,6,0.3955273517958759,3.805907937028342
26,0,0.49352702482293975,3.8344358245472496
26,4,0.6138034872370405,3.4556119869176034
26,5,0.3181204236163908,1.1435977317145456
26,1,0.33564127005391153,2.1788512912606413
26,7,0.4133297419931419,2.3055310347589244
26,9,0.39983040692773036,2.7784676496762533
26,3,0.8025848565112519,1.8976139941099612
27,2,0.5733183419051002,2.0263954910969475
27,8,0.29344186145087164,2.68983113392436
27,6,0.3955273517958759,3.825907937028342
27,0,0.49352702482293975,3.8344358245472496
27,4,0.6138034872370405,3.4756119869176034
27,5,0.3181204236163908,1.1635977317145456
27,1,0.33564127005391153,2.1788512912606413
27,7,0.4133297419931419,2.3255310347589244
27,9,0.39983040692773036,2.7784676496762533
27,3,0.8025848565112519,1.9176139941099613
28,2,0.5733183419051002,2.0463954910969475
28,8,0.29344186145087164,2.68983113392436
28,6,0.3955273517958759,3.825907937028342
28,0,0.49352702482293975,3.8544358245472496
28,4,0.6138034872370405,3.4756119869176034
28,5,0.3181204236163908,1.1635977317145456
28,1,0.33564127005391153,2.1988512912606413
28,7,0.4133297419931419,2.3255310347589244
28,9,0.39983040692773036,2.7784676496762533
28,3,0.8025848565112519,1.9376139941099613
29,2,0.5733183419051002,2.0463954910969475
29,8,0.29344186145087164,2.70983113392436
29,6,0.3955273517958759,3.825907937028342
29,0,0.49352702482293975,3.8744358245472497
29,4,0.6138034872370405,3.4756119869176034
29,5,0.3181204236163908,1.1835977317145456
29,1,0.33564127005391153,2.2188512912606413
29,7,0.4133297419931419,2.3255310347589244
29,9,0.39983040692773036,2.7784676496762533
29,3,0.8025848565112519,1.9576139941099613
30,2,0.5733183419051002,2.0463954910969475
30,8,0.29344186145087164,2.72983113392436
30,6,0.3955273517958759,3.845907937028342
30,0,0.49352702482293975,3.8744358245472497
30,4,0.6138034872370405,3.4756119869176034
30,5,0.3181204236163908,1.1835977317145456
30,1,0.33564127005391153,2.2188512912606413
30,7,0.4133297419931419,2.3255310347589244
30,9,0.39983040692773036,2.7984676496762533
30,3,0.8025848565112519,1.9776139941099613
31,2,0.5733183419051002,2.0463954910969475
31,8,0.29344186145087164,2.72983113392436
31,6,0.3955273517958759,3.865907937028342
31,0,0.49352702482293975,3.8744358245472497
31,4,0.6138034872370405,3.4756119869176034
31,5,0.3181204236163908,1.2035977317145456
31,1,0.33564127005391153,2.2188512912606413
31,7,0.4133297419931419,2.3255310347589244
31,9,0.39983040692773036,2.7984676496762533
31,3,0.8025848565112519,1.9776139941099613
32,2,0.5733183419051002,2.0663954910969475
32,8,0.29344186145087164,2.72983113392436
32,6,0.3955273517958759,3.865907937028342
32,0,0.49352702482293975,3.8944358245472497
32,4,0.6138034872370405,3.4756119869176034
32,5,0.3181204236163908,1.2235977317145457
32,1,0.33564127005391153,2.2388512912606413
32,7,0.4133297419931419,2.3455310347589244
32,9,0.39983040692773036,2.7984676496762533
32,3,0.8025848565112519,1.9976139941099613
33,2,0.5733183419051002,2.0663954910969475
33,8,0.29344186145087164,2.72983113392436
33,6,0.3955273517958759,3.865907937028342
33,0,0.49352702482293975,3.9144358245472497
33,4,0.6138034872370405,3.4956119869176034
33,5,0.3181204236163908,1.2435977317145457
33,1,0.33564127005391153,2.2588512912606413
33,7,0.4133297419931419,2.3655310347589245
33,9,0.39983040692773036,2.8184676496762533
33,3,0.8025848565112519,2.0176139941099613
34,2,0.5733183419051002,2.0863954910969476
34,8,0.29344186145087164,2.74983113392436
34,6,0.3955273517958759,3.865907937028342
34,0,0.49352702482293975,3.9344358245472497
34,4,0.6138034872370405,3.4956119869176034
34,5,0.3181204236163908,1.2635977317145457
34,1,0.33564127005391153,2.2788512912606413
34,7,0.4133297419931419,2.3655310347589245
34,9,0.39983040692773036,2.8384676496762533
34,3,0.8025848565112519,2.0376139941099614
35,2,0.5733183419051002,2.0863954910969476
35,8,0.29344186145087164,2.76983113392436
35,6,0.3955273517958759,3.885907937028342
35,0,0.49352702482293975,3.9344358245472497
35,4,0.6138034872370405,3.4956119869176034
35,5,0.3181204236163908,1.2635977317145457
35,1,0.33564127005391153,2.2988512912606414
35,7,0.4133297419931419,2.3855310347589245
35,9,0.39983040692773036,2.8384676496762533
35,3,0.8025848565112519,2.0576139941099614
36,2,0.5733183419051002,2.0863954910969476
36,8,0.29344186145087164,2.76983113392436
36,6,0.3955273517958759,3.885907937028342
36,0,0.49352702482293975,3.9344358245472497
36,4,0.6138034872370405,3.5156119869176035
36,5,0.3181204236163908,1.2635977317145457
36,1,0.33564127005391153,2.2988512912606414
36,7,0.4133297419931419,2.3855310347589245
36,9,0.39983040692773036,2.8384676496762533
36,3,0.8025848565112519,2.0576139941099614
37,2,0.5733183419051002,2.1063954910969476
37,8,0.29344186145087164,2.78983113392436
37,6,0.3955273517958759,3.905907937028342
37,0,0.49352702482293975,3.9344358245472497
37,4,0.6138034872370405,3.5356119869176035
37,5,0.3181204236163908,1.2835977317145457
37,1,0.33564127005391153,2.3188512912606414
37,7,0.4133297419931419,2.3855310347589245
37,9,0.39983040692773036,2.8584676496762533
37,3,0.8025848565112519,2.0576139941099614
38,2,0.5733183419051002,2.1263954910969476
38,8,0.29344186145087164,2.78983113392436
38,6,0.3955273517958759,3.925907937028342
38,0,0.49352702482293975,3.9544358245472497
38,4,0.6138034872370405,3.5356119869176035
38,5,0.3181204236163908,1.3035977317145457
38,1,0.33564127005391153,2.3188512912606414
38,7,0.4133297419931419,2.3855310347589245
38,9,0.39983040692773036,2.8784676496762533
38,3,0.8025848565112519,2.0576139941099614
39,2,0.5733183419051002,2.1263954910969476
39,8,0.29344186145087164,2.78983113392436
39,6,0.3955273517958759,3.945907937028342
39,0,0.49352702482293975,3.9744358245472498
39,4,0.6138034872370405,3.5356119869176035
39,5,0.3181204236163908,1.3235977317145458
39,1,0.33564127005391153,2.3388512912606414
39,7,0.4133297419931419,2.4055310347589245
39,9,0.39983040692773036,2.8984676496762534
39,3,0.8025848565112519,2.0776139941099614
40,2,0.5733183419051002,2.1263954910969476
40,8,0.29344186145087164,2.80983113392436
40,6,0.3955273517958759,3.965907937028342
40,0,0.49352702482293975,3.9744358245472498
40,4,0.6138034872370405,3.5556119869176035
40,5,0.3181204236163908,1.3435977317145458
40,1,0.33564127005391153,2.3388512912606414
40,7,0.4133297419931419,2.4055310347589245
40,9,0.39983040692773036,2.9184676496762534
40,3,0.8025848565112519,2.0976139941099614
41,2,0.5733183419051002,2.1463954910969476
41,8,0.29344186145087164,2.80983113392436
41,6,0.3955273517958759,3.985907937028342
41,0,0.49352702482293975,3.9944358245472498
41,4,0.6138034872370405,3.5556119869176035
41,5,0.3181204236163908,1.3435977317145458
41,1,0.33564127005391153,2.3388512912606414
41,7,0.4133297419931419,2.4055310347589245
41,9,0.39983040692773036,2.9184676496762534
41,3,0.8025848565112519,2.1176139941099614
42,2,0.5733183419051002,2.1463954910969476
42,8,0.29344186145087164,2.82983113392436
42,6,0.3955273517958759,3.985907937028342
42,0,0.49352702482293975,4.01443582454725
42,4,0.6138034872370405,3.5556119869176035
42,5,0.3181204236163908,1.3435977317145458
42,1,0.33564127005391153,2.3588512912606414
42,7,0.4133297419931419,2.4055310347589245
42,9,0.39983040692773036,2.9184676496762534
42,3,0.8025848565112519,2.1176139941099614
43,2,0.5733183419051002,2.1663954910969476
43,8,0.29344186145087164,2.84983113392436
43,6,0.3955273517958759,4.005907937028342
43,0,0.49352702482293975,4.034435824547249
43,4,0.6138034872370405,3.5556119869176035
43,5,0.3181204236163908,1.3635977317145458
43,1,0.33564127005391153,2.3588512912606414
43,7,0.4133297419931419,2.4255310347589245
43,9,0.39983040692773036,2.9384676496762534
43,3,0.8025848565112519,2.1176139941099614
44,2,0.5733183419051002,2.1663954910969476
44,8,0.29344186145087164,2.86983113392436
44,6,0.3955273517958759,4.025907937028341
44,0,0.49352702482293975,4.054435824547249
44,4,0.6138034872370405,3.5556119869176035
44,5,0.3181204236163908,1.3835977317145458
44,1,0.33564127005391153,2.3588512912606414
44,7,0.4133297419931419,2.4255310347589245
44,9,0.39983040692773036,2.9384676496762534
44,3,0.8025848565112519,2.1176139941099614
45,2,0.5733183419051002,2.1863954910969476
45,8,0.29344186145087164,2.86983113392436
45,6,0.3955273517958759,4.025907937028341
45,0,0.49352702482293975,4.054435824547249
45,4,0.6138034872370405,3.5556119869176035
45,5,0.3181204236163908,1.4035977317145458
45,1,0.33564127005391153,2.3788512912606414
45,7,0.4133297419931419,2.4455310347589245
45,9,0.39983040692773036,2.9584676496762534
45,3,0.8025848565112519,2.1376139941099614
46,2,0.5733183419051002,2.2063954910969477
46,8,0.29344186145087164,2.86983113392436
46,6,0.3955273517958759,4.025907937028341
46,0,0.49352702482293975,4.054435824547249
46,4,0.6138034872370405,3.5556119869176035
46,5,0.3181204236163908,1.4235977317145458
46,1,0.33564127005391153,2.3788512912606414
46,7,0.4133297419931419,2.4655310347589245
46,9,0.39983040692773036,2.9784676496762534
46,3,0.8025848565112519,2.1376139941099614
47,2,0.5733183419051002,2.2063954910969477
47,8,0.29344186145087164,2.88983113392436
47,6,0.3955273517958759,4.025907937028341
47,0,0.49352702482293975,4.0744358245472485
47,4,0.6138034872370405,3.5756119869176035
47,5,0.3181204236163908,1.4435977317145459
47,1,0.33564127005391153,2.3788512912606414
47,7,0.4133297419931419,2.4855310347589246
47,9,0.39983040692773036,2.9984676496762535
47,3,0.8025848565112519,2.1576139941099615
48,2,0.5733183419051002,2.2263954910969477
48,8,0.29344186145087164,2.88983113392436
48,6,0.3955273517958759,4.045907937028341
48,0,0.49352702482293975,4.094435824547248
48,4,0.6138034872370405,3.5956119869176035
48,5,0.3181204236163908,1.4435977317145459
48,1,0.33564127005391153,2.3988512912606414
48,7,0.4133297419931419,2.5055310347589246
48,9,0.39983040692773036,3.0184676496762535
48,3,0.8025848565112519,2.1576139941099615
49,2,0.5733183419051002,2.2463954910969477
49,8,0.29344186145087164,2.90983113392436
49,6,0.3955273517958759,4.06590793702834
49,0,0.49352702482293975,4.114435824547248
49,4,0.6138034872370405,3.6156119869176035
49,5,0.3181204236163908,1.4435977317145459
49,1,0.33564127005391153,2.3988512912606414
49,7,0.4133297419931419,2.5255310347589246
49,9,0.39983040692773036,3.0384676496762535
49,3,0.8025848565112519,2.1776139941099615
50,2,0.5733183419051002,2.2663954910969477
50,8,0.29344186145087164,2.92983113392436
50,6,0.3955273517958759,4.08590793702834
50,0,0.49352702482293975,4.114435824547248
50,4,0.6138034872370405,3.6356119869176036
50,5,0.3181204236163908,1.4635977317145459
50,1,0.33564127005391153,2.4188512912606415
50,7,0.4133297419931419,2.5255310347589246
50,9,0.39983040692773036,3.0384676496762535
50,3,0.8025848565112519,2.1976139941099615
51,2,0.5733183419051002,2.2663954910969477
51,8,0.29344186145087164,2.92983113392436
51,6,0.3955273517958759,4.08590793702834
51,0,0.49352702482293975,4.114435824547248
51,4,0.6138034872370405,3.6556119869176036
51,5,0.3181204236163908,1.483597731714546
51,1,0.33564127005391153,2.4188512912606415
51,7,0.4133297419931419,2.5455310347589246
51,9,0.39983040692773036,3.0584676496762535
51,3,0.8025848565112519,2.1976139941099615
52,2,0.5733183419051002,2.2863954910969477
52,8,0.29344186145087164,2.92983113392436
52,6,0.3955273517958759,4.08590793702834
52,0,0.49352702482293975,4.134435824547247
52,4,0.6138034872370405,3.6556119869176036
52,5,0.3181204236163908,1.483597731714546
52,1,0.33564127005391153,2.4188512912606415
52,7,0.4133297419931419,2.5455310347589246
52,9,0.39983040692773036,3.0584676496762535
52,3,0.8025848565112519,2.2176139941099615
53,2,0.5733183419051002,2.3063954910969477
53,8,0.29344186145087164,2.94983113392436
53,6,0.3955273517958759,4.10590793702834
53,0,0.49352702482293975,4.134435824547247
53,4,0.6138034872370405,3.6556119869176036
53,5,0.3181204236163908,1.483597731714546
53,1,0.33564127005391153,2.4388512912606415
53,7,0.4133297419931419,2.5655310347589246
53,9,0.39983040692773036,3.0784676496762535
53,3,0.8025848565112519,2.2376139941099615
54,2,0.5733183419051002,2.3263954910969478
54,8,0.29344186145087164,2.94983113392436
54,6,0.3955273517958759,4.125907937028339
54,0,0.49352702482293975,4.134435824547247
54,4,0.6138034872370405,3.6556119869176036
54,5,0.3181204236163908,1.503597731714546
54,1,0.33564127005391153,2.4588512912606415
54,7,0.4133297419931419,2.5855310347589247
54,9,0.39983040692773036,3.0984676496762535
54,3,0.8025848565112519,2.2376139941099615
55,2,0.5733183419051002,2.346395491096948
55,8,0.29344186145087164,2.94983113392436
55,6,0.3955273517958759,4.125907937028339
55,0,0.49352702482293975,4.134435824547247
55,4,0.6138034872370405,3.6756119869176036
55,5,0.3181204236163908,1.523597731714546
55,1,0.33564127005391153,2.4788512912606415
55,7,0.4133297419931419,2.5855310347589247
55,9,0.39983040692773036,3.0984676496762535
55,3,0.8025848565112519,2.2376139941099615
56,2,0.5733183419051002,2.346395491096948
56,8,0.29344186145087164,2.96983113392436
56,6,0.3955273517958759,4.125907937028339
56,0,0.49352702482293975,4.134435824547247
56,4,0.6138034872370405,3.6756119869176036
56,5,0.3181204236163908,1.543597731714546
56,1,0.33564127005391153,2.4988512912606415
56,7,0.4133297419931419,2.6055310347589247
56,9,0.39983040692773036,3.1184676496762536
56,3,0.8025848565112519,2.2576139941099616
57,2,0.5733183419051002,2.366395491096948
57,8,0.29344186145087164,2.98983113392436
57,6,0.3955273517958759,4.145907937028339
57,0,0.49352702482293975,4.134435824547247
57,4,0.6138034872370405,3.6756119869176036
57,5,0.3181204236163908,1.563597731714546
57,1,0.33564127005391153,2.4988512912606415
57,7,0.4133297419931419,2.6255310347589247
57,9,0.39983040692773036,3.1384676496762536
57,3,0.8025848565112519,2.2776139941099616
58,2,0.5733183419051002,2.386395491096948
58,8,0.29344186145087164,2.98983113392436
58,6,0.3955273517958759,4.145907937028339
58,0,0.49352702482293975,4.134435824547247
58,4,0.6138034872370405,3.6956119869176036
58,5,0.3181204236163908,1.583597731714546
58,1,0.33564127005391153,2.4988512912606415
58,7,0.4133297419931419,2.6255310347589247
58,9,0.39983040692773036,3.1384676496762536
58,3,0.8025848565112519,2.2976139941099616
59,2,0.5733183419051002,2.386395491096948
59,8,0.29344186145087164,3.00983113392436
59,6,0.3955273517958759,4.165907937028338
59,0,0.49352702482293975,4.154435824547247
59,4,0.6138034872370405,3.7156119869176036
59,5,0.3181204236163908,1.603597731714546
59,1,0.33564127005391153,2.5188512912606416
59,7,0.4133297419931419,2.6255310347589247
59,9,0.39983040692773036,3.1384676496762536
59,3,0.8025848565112519,2.2976139941099616
60,2,0.5733183419051002,2.386395491096948
60,8,0.29344186145087164,3.02983113392436
60,6,0.3955273517958759,4.165907937028338
60,0,0.49352702482293975,4.154435824547247
60,4,0.6138034872370405,3.7156119869176036
60,5,0.3181204236163908,1.623597731714546
60,1,0.33564127005391153,2.5188512912606416
60,7,0.4133297419931419,2.6255310347589247
60,9,0.39983040692773036,3.1584676496762536
60,3,0.8025848565112519,2.3176139941099616
61,2,0.5733183419051002,2.406395491096948
61,8,0.29344186145087164,3.02983113392436
61,6,0.3955273517958759,4.185907937028338
61,0,0.49352702482293975,4.154435824547247
61,4,0.6138034872370405,3.7156119869176036
61,5,0.3181204236163908,1.643597731714546
61,1,0.33564127005391153,2.5188512912606416
61,7,0.4133297419931419,2.6455310347589247
61,9,0.39983040692773036,3.1584676496762536
61,3,0.8025848565112519,2.3376139941099616
62,2,0.5733183419051002,2.426395491096948
62,8,0.29344186145087164,3.0498311339243602
62,6,0.3955273517958759,4.185907937028338
62,0,0.49352702482293975,4.154435824547247
62,4,0.6138034872370405,3.7156119869176036
62,5,0.3181204236163908,1.663597731714546
62,1,0.33564127005391153,2.5188512912606416
62,7,0.4133297419931419,2.6455310347589247
62,9,0.39983040692773036,3.1784676496762536
62,3,0.8025848565112519,2.3376139941099616
63,2,0.5733183419051002,2.426395491096948
63,8,0.29344186145087164,3.0698311339243602
63,6,0.3955273517958759,4.205907937028337
63,0,0.49352702482293975,4.154435824547247
63,4,0.6138034872370405,3.7356119869176037
63,5,0.3181204236163908,1.683597731714546
63,1,0.33564127005391153,2.5188512912606416
63,7,0.4133297419931419,2.6455310347589247
63,9,0.39983040692773036,3.1784676496762536
63,3,0.8025848565112519,2.3376139941099616
64,2,0.5733183419051002,2.446395491096948
64,8,0.29344186145087164,3.0698311339243602
64,6,0.3955273517958759,4.205907937028337
64,0,0.49352702482293975,4.174435824547246
64,4,0.6138034872370405,3.7556119869176037
64,5,0.3181204236163908,1.703597731714546
64,1,0.33564127005391153,2.5388512912606416
64,7,0.4133297419931419,2.6655310347589247
64,9,0.39983040692773036,3.1784676496762536
64,3,0.8025848565112519,2.3376139941099616
65,2,0.5733183419051002,2.446395491096948
65,8,0.29344186145087164,3.0698311339243602
65,6,0.3955273517958759,4.225907937028337
65,0,0.49352702482293975,4.174435824547246
65,4,0.6138034872370405,3.7756119869176037
65,5,0.3181204236163908,1.703597731714546
65,1,0.33564127005391153,2.5388512912606416
65,7,0.4133297419931419,2.6655310347589247
65,9,0.39983040692773036,3.1984676496762536
65,3,0.8025848565112519,2.3576139941099616
66,2,0.5733183419051002,2.446395491096948
66,8,0.29344186145087164,3.0898311339243603
66,6,0.3955273517958759,4.245907937028337
66,0,0.49352702482293975,4.174435824547246
66,4,0.6138034872370405,3.7756119869176037
66,5,0.3181204236163908,1.723597731714546
66,1,0.33564127005391153,2.5588512912606416
66,7,0.4133297419931419,2.6855310347589247
66,9,0.39983040692773036,3.2184676496762537
66,3,0.8025848565112519,2.3776139941099617
67,2,0.5733183419051002,2.446395491096948
67,8,0.29344186145087164,3.1098311339243603
67,6,0.3955273517958759,4.245907937028337
67,0,0.49352702482293975,4.174435824547246
67,4,0.6138034872370405,3.7756119869176037
67,5,0.3181204236163908,1.7435977317145461
67,1,0.33564127005391153,2.5588512912606416
67,7,0.4133297419931419,2.7055310347589248
67,9,0.39983040692773036,3.2184676496762537
67,3,0.8025848565112519,2.3976139941099617
68,2,0.5733183419051002,2.466395491096948
68,8,0.29344186145087164,3.1098311339243603
68,6,0.3955273517958759,4.245907937028337
68,0,0.49352702482293975,4.194435824547246
68,4,0.6138034872370405,3.7756119869176037
68,5,0.3181204236163908,1.7635977317145461
68,1,0.33564127005391153,2.5588512912606416
68,7,0.4133297419931419,2.7255310347589248
68,9,0.39983040692773036,3.2184676496762537
68,3,0.8025848565112519,2.3976139941099617
69,2,0.5733183419051002,2.466395491096948
69,8,0.29344186145087164,3.1298311339243603
69,6,0.3955273517958759,4.265907937028336
69,0,0.49352702482293975,4.194435824547246
69,4,0.6138034872370405,3.7956119869176037
69,5,0.3181204236163908,1.7835977317145462
69,1,0.33564127005391153,2.5588512912606416
69,7,0.4133297419931419,2.745531034758925
69,9,0.39983040692773036,3.2184676496762537
69,3,0.8025848565112519,2.4176139941099617
70,2,0.5733183419051002,2.466395491096948
70,8,0.29344186145087164,3.1498311339243603
70,6,0.3955273517958759,4.265907937028336
70,0,0.49352702482293975,4.194435824547246
70,4,0.6138034872370405,3.8156119869176037
70,5,0.3181204236163908,1.8035977317145462
70,1,0.33564127005391153,2.5788512912606416
70,7,0.4133297419931419,2.765531034758925
70,9,0.39983040692773036,3.2184676496762537
70,3,0.8025848565112519,2.4176139941099617
71,2,0.5733183419051002,2.486395491096948
71,8,0.29344186145087164,3.1498311339243603
71,6,0.3955273517958759,4.285907937028336
71,0,0.49352702482293975,4.194435824547246
71,4,0.6138034872370405,3.8156119869176037
71,5,0.3181204236163908,1.8235977317145462
71,1,0.33564127005391153,2.5788512912606416
71,7,0.4133297419931419,2.785531034758925
71,9,0.39983040692773036,3.2184676496762537
71,3,0.8025848565112519,2.4176139941099617
72,2,0.5733183419051002,2.506395491096948
72,8,0.29344186145087164,3.1698311339243603
72,6,0.3955273517958759,4.285907937028336
72,0,0.49352702482293975,4.2144358245472455
72,4,0.6138034872370405,3.8356119869176037
72,5,0.3181204236163908,1.8235977317145462
72,1,0.33564127005391153,2.5788512912606416
72,7,0.4133297419931419,2.805531034758925
72,9,0.39983040692773036,3.2384676496762537
72,3,0.8025848565112519,2.4176139941099617
73,2,0.5733183419051002,2.526395491096948
73,8,0.29344186145087164,3.1898311339243604
73,6,0.3955273517958759,4.285907937028336
73,0,0.49352702482293975,4.2144358245472455
73,4,0.6138034872370405,3.8356119869176037
73,5,0.3181204236163908,1.8435977317145462
73,1,0.33564127005391153,2.5788512912606416
73,7,0.4133297419931419,2.805531034758925
73,9,0.39983040692773036,3.2584676496762537
73,3,0.8025848565112519,2.4376139941099617
74,2,0.5733183419051002,2.526395491096948
74,8,0.29344186145087164,3.1898311339243604
74,6,0.3955273517958759,4.285907937028336
74,0,0.49352702482293975,4.234435824547245
74,4,0.6138034872370405,3.8356119869176037
74,5,0.3181204236163908,1.8635977317145462
74,1,0.33564127005391153,2.5988512912606416
74,7,0.4133297419931419,2.825531034758925
74,9,0.39983040692773036,3.2784676496762537
74,3,0.8025848565112519,2.4576139941099617
75,2,0.5733183419051002,2.526395491096948
75,8,0.29344186145087164,3.2098311339243604
75,6,0.3955273517958759,4.285907937028336
75,0,0.49352702482293975,4.254435824547245
75,4,0.6138034872370405,3.8356119869176037
75,5,0.3181204236163908,1.8635977317145462
75,1,0.33564127005391153,2.6188512912606416
75,7,0.4133297419931419,2.825531034758925
75,9,0.39983040692773036,3.2984676496762537
75,3,0.8025848565112519,2.4776139941099617
76,2,0.5733183419051002,2.546395491096948
76,8,0.29344186145087164,3.2098311339243604
76,6,0.3955273517958759,4.285907937028336
76,0,0.49352702482293975,4.274435824547244
76,4,0.6138034872370405,3.8556119869176038
76,5,0.3181204236163908,1.8635977317145462
76,1,0.33564127005391153,2.6388512912606417
76,7,0.4133297419931419,2.845531034758925
76,9,0.39983040692773036,3.2984676496762537
76,3,0.8025848565112519,2.4776139941099617
77,2,0.5733183419051002,2.546395491096948
77,8,0.29344186145087164,3.2298311339243604
77,6,0.3955273517958759,4.285907937028336
77,0,0.49352702482293975,4.294435824547244
77,4,0.6138034872370405,3.8556119869176038
77,5,0.3181204236163908,1.8835977317145463
77,1,0.33564127005391153,2.6588512912606417
77,7,0.4133297419931419,2.865531034758925
77,9,0.39983040692773036,3.2984676496762537
77,3,0.8025848565112519,2.4776139941099617
78,2,0.5733183419051002,2.566395491096948
78,8,0.29344186145087164,3.2298311339243604
78,6,0.3955273517958759,4.285907937028336
78,0,0.49352702482293975,4.294435824547244
78,4,0.6138034872370405,3.875611986917604
78,5,0.3181204236163908,1.9035977317145463
78,1,0.33564127005391153,2.6788512912606417
78,7,0.4133297419931419,2.885531034758925
78,9,0.39983040692773036,3.2984676496762537
78,3,0.8025848565112519,2.4976139941099618
79,2,0.5733183419051002,2.566395491096948
79,8,0.29344186145087164,3.2298311339243604
79,6,0.3955273517958759,4.305907937028335
79,0,0.49352702482293975,4.294435824547244
79,4,0.6138034872370405,3.875611986917604
79,5,0.3181204236163908,1.9235977317145463
79,1,0.33564127005391153,2.6988512912606417
79,7,0.4133297419931419,2.905531034758925
79,9,0.39983040692773036,3.3184676496762537
79,3,0.8025848565112519,2.4976139941099618
80,2,0.5733183419051002,2.566395491096948
80,8,0.29344186145087164,3.2498311339243604
80,6,0.3955273517958759,4.305907937028335
80,0,0.49352702482293975,4.294435824547244
80,4,0.6138034872370405,3.875611986917604
80,5,0.3181204236163908,1.9235977317145463
80,1,0.33564127005391153,2.6988512912606417
80,7,0.4133297419931419,2.925531034758925
80,9,0.39983040692773036,3.3384676496762538
80,3,0.8025848565112519,2.517613994109962
81,2,0.5733183419051002,2.586395491096948
81,8,0.29344186145087164,3.2698311339243604
81,6,0.3955273517958759,4.325907937028335
81,0,0.49352702482293975,4.294435824547244
81,4,0.6138034872370405,3.875611986917604
81,5,0.3181204236163908,1.9435977317145463
81,1,0.33564127005391153,2.7188512912606417
81,7,0.4133297419931419,2.945531034758925
81,9,0.39983040692773036,3.3584676496762538
81,3,0.8025848565112519,2.517613994109962
82,2,0.5733183419051002,2.586395491096948
82,8,0.29344186145087164,3.2698311339243604
82,6,0.3955273517958759,4.325907937028335
82,0,0.49352702482293975,4.314435824547243
82,4,0.6138034872370405,3.895611986917604
82,5,0.3181204236163908,1.9635977317145463
82,1,0.33564127005391153,2.7388512912606418
82,7,0.4133297419931419,2.965531034758925
82,9,0.39983040692773036,3.3584676496762538
82,3,0.8025848565112519,2.537613994109962
83,2,0.5733183419051002,2.606395491096948
83,8,0.29344186145087164,3.2898311339243604
83,6,0.3955273517958759,4.325907937028335
83,0,0.49352702482293975,4.334435824547243
83,4,0.6138034872370405,3.915611986917604
83,5,0.3181204236163908,1.9635977317145463
83,1,0.33564127005391153,2.7388512912606418
83,7,0.4133297419931419,2.985531034758925
83,9,0.39983040692773036,3.3584676496762538
83,3,0.8025848565112519,2.557613994109962
84,2,0.5733183419051002,2.626395491096948
84,8,0.29344186145087164,3.3098311339243605
84,6,0.3955273517958759,4.325907937028335
84,0,0.49352702482293975,4.3544358245472425
84,4,0.6138034872370405,3.935611986917604
84,5,0.3181204236163908,1.9635977317145463
84,1,0.33564127005391153,2.7588512912606418
84,7,0.4133297419931419,3.005531034758925
84,9,0.39983040692773036,3.378467649676254
84,3,0.8025848565112519,2.577613994109962
85,2,0.5733183419051002,2.626395491096948
85,8,0.29344186145087164,3.3098311339243605
85,6,0.3955273517958759,4.325907937028335
85,0,0.49352702482293975,4.3544358245472425
85,4,0.6138034872370405,3.955611986917604
85,5,0.3181204236163908,1.9635977317145463
85,1,0.33564127005391153,2.778851291260642
85,7,0.4133297419931419,3.025531034758925
85,9,0.39983040692773036,3.398467649676254
85,3,0.8025848565112519,2.577613994109962
86,2,0.5733183419051002,2.646395491096948
86,8,0.29344186145087164,3.3098311339243605
86,6,0.3955273517958759,4.325907937028335
86,0,0.49352702482293975,4.374435824547242
86,4,0.6138034872370405,3.955611986917604
86,5,0.3181204236163908,1.9635977317145463
86,1,0.33564127005391153,2.798851291260642
86,7,0.4133297419931419,3.045531034758925
86,9,0.39983040692773036,3.418467649676254
86,3,0.8025848565112519,2.577613994109962
87,2,0.5733183419051002,2.646395491096948
87,8,0.29344186145087164,3.3098311339243605
87,6,0.3955273517958759,4.325907937028335
87,0,0.49352702482293975,4.374435824547242
87,4,0.6138034872370405,3.955611986917604
87,5,0.3181204236163908,1.9835977317145463
87,1,0.33564127005391153,2.818851291260642
87,7,0.4133297419931419,3.065531034758925
87,9,0.39983040692773036,3.438467649676254
87,3,0.8025848565112519,2.597613994109962
88,2,0.5733183419051002,2.666395491096948
88,8,0.29344186145087164,3.3098311339243605
88,6,0.3955273517958759,4.325907937028335
88,0,0.49352702482293975,4.394435824547242
88,4,0.6138034872370405,3.955611986917604
88,5,0.3181204236163908,1.9835977317145463
88,1,0.33564127005391153,2.838851291260642
88,7,0.4133297419931419,3.065531034758925
88,9,0.39983040692773036,3.438467649676254
88,3,0.8025848565112519,2.617613994109962
89,2,0.5733183419051002,2.686395491096948
89,8,0.29344186145087164,3.3298311339243605
89,6,0.3955273517958759,4.325907937028335
89,0,0.49352702482293975,4.394435824547242
89,4,0.6138034872370405,3.975611986917604
89,5,0.3181204236163908,2.0035977317145464
89,1,0.33564127005391153,2.838851291260642
89,7,0.4133297419931419,3.065531034758925
89,9,0.39983040692773036,3.458467649676254
89,3,0.8025848565112519,2.637613994109962
90,2,0.5733183419051002,2.686395491096948
90,8,0.29344186145087164,3.3498311339243605
90,6,0.3955273517958759,4.325907937028335
90,0,0.49352702482293975,4.394435824547242
90,4,0.6138034872370405,3.975611986917604
90,5,0.3181204236163908,2.0235977317145464
90,1,0.33564127005391153,2.838851291260642
90,7,0.4133297419931419,3.085531034758925
90,9,0.39983040692773036,3.478467649676254
90,3,0.8025848565112519,2.637613994109962
91,2,0.5733183419051002,2.706395491096948
91,8,0.29344186145087164,3.3498311339243605
91,6,0.3955273517958759,4.3459079370283344
91,0,0.49352702482293975,4.394435824547242
91,4,0.6138034872370405,3.995611986917604
91,5,0.3181204236163908,2.0435977317145464
91,1,0.33564127005391153,2.838851291260642
91,7,0.4133297419931419,3.085531034758925
91,9,0.39983040692773036,3.478467649676254
91,3,0.8025848565112519,2.657613994109962
92,2,0.5733183419051002,2.706395491096948
92,8,0.29344186145087164,3.3498311339243605
92,6,0.3955273517958759,4.3459079370283344
92,0,0.49352702482293975,4.414435824547241
92,4,0.6138034872370405,3.995611986917604
92,5,0.3181204236163908,2.0635977317145464
92,1,0.33564127005391153,2.838851291260642
92,7,0.4133297419931419,3.105531034758925
92,9,0.39983040692773036,3.478467649676254
92,3,0.8025848565112519,2.677613994109962
93,2,0.5733183419051002,2.726395491096948
93,8,0.29344186145087164,3.3698311339243605
93,6,0.3955273517958759,4.3459079370283344
93,0,0.49352702482293975,4.434435824547241
93,4,0.6138034872370405,3.995611986917604
93,5,0.3181204236163908,2.0835977317145464
93,1,0.33564127005391153,2.858851291260642
93,7,0.4133297419931419,3.105531034758925
93,9,0.39983040692773036,3.478467649676254
93,3,0.8025848565112519,2.677613994109962
94,2,0.5733183419051002,2.726395491096948
94,8,0.29344186145087164,3.3898311339243605
94,6,0.3955273517958759,4.365907937028334
94,0,0.49352702482293975,4.434435824547241
94,4,0.6138034872370405,4.0156119869176035
94,5,0.3181204236163908,2.0835977317145464
94,1,0.33564127005391153,2.858851291260642
94,7,0.4133297419931419,3.125531034758925
94,9,0.39983040692773036,3.478467649676254
94,3,0.8025848565112519,2.677613994109962
95,2,0.5733183419051002,2.726395491096948
95,8,0.29344186145087164,3.3898311339243605
95,6,0.3955273517958759,4.365907937028334
95,0,0.49352702482293975,4.434435824547241
95,4,0.6138034872370405,4.0156119869176035
95,5,0.3181204236163908,2.1035977317145464
95,1,0.33564127005391153,2.858851291260642
95,7,0.4133297419931419,3.125531034758925
95,9,0.39983040692773036,3.498467649676254
95,3,0.8025848565112519,2.697613994109962
96,2,0.5733183419051002,2.746395491096948
96,8,0.29344186145087164,3.4098311339243605
96,6,0.3955273517958759,4.385907937028334
96,0,0.49352702482293975,4.434435824547241
96,4,0.6138034872370405,4.035611986917603
96,5,0.3181204236163908,2.1235977317145465
96,1,0.33564127005391153,2.878851291260642
96,7,0.4133297419931419,3.145531034758925
96,9,0.39983040692773036,3.518467649676254
96,3,0.8025848565112519,2.697613994109962
97,2,0.5733183419051002,2.746395491096948
97,8,0.29344186145087164,3.4098311339243605
97,6,0.3955273517958759,4.405907937028333
97,0,0.49352702482293975,4.45443582454724
97,4,0.6138034872370405,4.055611986917603
97,5,0.3181204236163908,2.1235977317145465
97,1,0.33564127005391153,2.878851291260642
97,7,0.4133297419931419,3.165531034758925
97,9,0.39983040692773036,3.518467649676254
97,3,0.8025848565112519,2.717613994109962
98,2,0.5733183419051002,2.766395491096948
98,8,0.29344186145087164,3.4098311339243605
98,6,0.3955273517958759,4.425907937028333
98,0,0.49352702482293975,4.47443582454724
98,4,0.6138034872370405,4.055611986917603
98,5,0.3181204236163908,2.1235977317145465
98,1,0.33564127005391153,2.878851291260642
98,7,0.4133297419931419,3.185531034758925
98,9,0.39983040692773036,3.518467649676254
98,3,0.8025848565112519,2.737613994109962
99,2,0.5733183419051002,2.786395491096948
99,8,0.29344186145087164,3.4098311339243605
99,6,0.3955273517958759,4.425907937028333
99,0,0.49352702482293975,4.4944358245472396
99,4,0.6138034872370405,4.075611986917602
99,5,0.3181204236163908,2.1435977317145465
99,1,0.33564127005391153,2.878851291260642
99,7,0.4133297419931419,3.205531034758925
99,9,0.39983040692773036,3.518467649676254
99,3,0.8025848565112519,2.757613994109962
